<?xml version="1.0" encoding="UTF-8"?>
<wls:weblogic-application
	xmlns:wls="http://xmlns.oracle.com/weblogic/weblogic-application"
	xmlns:xsi="http://www.w3.org/2001/XMLSchema-instance"
	xsi:schemaLocation="http://java.sun.com/xml/ns/javaee http://java.sun.com/xml/ns/javaee/javaee_6.xsd http://xmlns.oracle.com/weblogic/weblogic-application http://xmlns.oracle.com/weblogic/weblogic-application/1.7/weblogic-application.xsd">
	<!--weblogic-version:12.2.1 -->
	<wls:application-param>
		<wls:param-name>webapp.encoding.default</wls:param-name>
		<wls:param-value>UTF-8</wls:param-value>
	</wls:application-param>
	<wls:prefer-application-packages>
		<wls:package-name>ch.qos.logback.*</wls:package-name>
		<wls:package-name>org.slf4j.*</wls:package-name>
		<wls:package-name>com.fasterxml.jackson.*</wls:package-name>
	</wls:prefer-application-packages>
	<wls:prefer-application-resources>
        <wls:resource-name>org/slf4j/impl/StaticLoggerBinder.class</wls:resource-name>
    </wls:prefer-application-resources>
</wls:weblogic-application>