<?xml version="1.0" encoding="UTF-8"?>
<weblogic-ejb-jar xmlns="http://www.bea.com/ns/weblogic/90" xmlns:j2ee="http://java.sun.com/xml/ns/j2ee" xmlns:xsi="http://www.w3.org/2001/XMLSchema-instance"
	xsi:schemaLocation="http://www.bea.com/ns/weblogic/90 http://www.bea.com/ns/weblogic/90/weblogic-ejb-jar.xsd">
<!--     <weblogic-enterprise-bean> -->
<!--         <ejb-name>PropiedadesServicesFacade</ejb-name> -->
<!--         <stateless-session-descriptor></stateless-session-descriptor> -->
<!--         <jndi-name>ejb/PropiedadesServicesFacade</jndi-name> -->
<!--         <local-jndi-name>ejb/PropiedadesServicesFacade</local-jndi-name> -->
<!--     </weblogic-enterprise-bean> -->
</weblogic-ejb-jar>
	